{
  "images" : [
    {
      "idiom" : "universal",
      "filename" : "icons8-back-102.png",
      "language-direction" : "left-to-right",
      "scale" : "1x"
    },
    {
      "idiom" : "universal",
      "filename" : "icons8-back-102 right-1.png",
      "language-direction" : "right-to-left",
      "scale" : "1x"
    },
    {
      "idiom" : "universal",
      "filename" : "icons8-back-101.png",
      "language-direction" : "left-to-right",
      "scale" : "2x"
    },
    {
      "idiom" : "universal",
      "filename" : "icons8-back-101 right-1.png",
      "language-direction" : "right-to-left",
      "scale" : "2x"
    },
    {
      "idiom" : "universal",
      "filename" : "icons8-back-100.png",
      "language-direction" : "left-to-right",
      "scale" : "3x"
    },
    {
      "idiom" : "universal",
      "filename" : "icons8-back-100 right-1.png",
      "language-direction" : "right-to-left",
      "scale" : "3x"
    }
  ],
  "info" : {
    "version" : 1,
    "author" : "xcode"
  }
}